<?xml version="1.0" encoding="UTF-8"?><rss version="2.0"
	xmlns:content="http://purl.org/rss/1.0/modules/content/"
	xmlns:wfw="http://wellformedweb.org/CommentAPI/"
	xmlns:dc="http://purl.org/dc/elements/1.1/"
	xmlns:atom="http://www.w3.org/2005/Atom"
	xmlns:sy="http://purl.org/rss/1.0/modules/syndication/"
	xmlns:slash="http://purl.org/rss/1.0/modules/slash/"
	>

<channel>
	<title>sandbox &#8211; Kaca Film Rumah</title>
	<atom:link href="/author/sandbox/feed" rel="self" type="application/rss+xml" />
	<link>/</link>
	<description>Kaca Film Rumah</description>
	<lastBuildDate>Fri, 17 Jun 2022 16:47:20 +0000</lastBuildDate>
	<language>en-US</language>
	<sy:updatePeriod>
	hourly	</sy:updatePeriod>
	<sy:updateFrequency>
	1	</sy:updateFrequency>
	<generator>https://wordpress.org/?v=6.1.1</generator>
	<item>
		<title>Hello world!</title>
		<link>/hello-world.html</link>
					<comments>/hello-world.html#comments</comments>
		
		<dc:creator><![CDATA[sandbox]]></dc:creator>
		<pubDate>Fri, 17 Jun 2022 16:47:20 +0000</pubDate>
				<category><![CDATA[Uncategorized]]></category>
		<guid isPermaLink="false">https://difficultlyrebird.build067.wpsandbox.app/?p=1</guid>

					<description><![CDATA[Welcome to WordPress. This is your first post. Edit or delete it, then start writing!]]></description>
		
					<wfw:commentRss>/hello-world.html/feed</wfw:commentRss>
			<slash:comments>1</slash:comments>
		
		
			</item>
	</channel>
</rss>
