<?xml version="1.0" encoding="UTF-8"?><rss version="2.0"
	xmlns:content="http://purl.org/rss/1.0/modules/content/"
	xmlns:wfw="http://wellformedweb.org/CommentAPI/"
	xmlns:dc="http://purl.org/dc/elements/1.1/"
	xmlns:atom="http://www.w3.org/2005/Atom"
	xmlns:sy="http://purl.org/rss/1.0/modules/syndication/"
	xmlns:slash="http://purl.org/rss/1.0/modules/slash/"
	>

<channel>
	<title>Uncategorized &#8211; Kaca Film Rumah</title>
	<atom:link href="/category/uncategorized/feed" rel="self" type="application/rss+xml" />
	<link>/</link>
	<description>Kaca Film Rumah</description>
	<lastBuildDate>Thu, 08 Dec 2022 22:23:33 +0000</lastBuildDate>
	<language>en-US</language>
	<sy:updatePeriod>
	hourly	</sy:updatePeriod>
	<sy:updateFrequency>
	1	</sy:updateFrequency>
	<generator>https://wordpress.org/?v=6.1.1</generator>
	<item>
		<title>Pasang Kaca Film Gedung Jakarta Timur</title>
		<link>/kaca-film-gedung-jakarta-timur.html</link>
		
		<dc:creator><![CDATA[]]></dc:creator>
		<pubDate>Thu, 08 Dec 2022 22:23:33 +0000</pubDate>
				<category><![CDATA[Uncategorized]]></category>
		<guid isPermaLink="false">/kaca-film-gedung-jakarta-timur.html</guid>

					<description><![CDATA[Jual &#38; Pasang Kaca Film gedung Jakarta Timur Kami kacafilm.co.id menjual berbagai jenis dan merk kaca film gedung Jakarta Timur dan jendela rumah, seperti kaca film riben, oneway, pengaman, sandblast sticker, cutting sticker, untuk menolak panas matahari.Kami memberikan layanan jual dan pasang kaca film rumah dan sticker untuk area Jakarta, Bogor, Tangerang, Bekasi dan seluruh &#8230;<p class="read-more"> <a class="" href="/kaca-film-gedung-jakarta-timur.html"> <span class="screen-reader-text">Pasang Kaca Film Gedung Jakarta Timur</span> Read More &#187;</a></p>]]></description>
		
		
		
			</item>
		<item>
		<title>Pasang Kaca Film Gedung Jakarta Barat</title>
		<link>/kaca-film-gedung-jakarta-barat.html</link>
		
		<dc:creator><![CDATA[]]></dc:creator>
		<pubDate>Thu, 08 Dec 2022 14:03:18 +0000</pubDate>
				<category><![CDATA[Uncategorized]]></category>
		<guid isPermaLink="false">/kaca-film-gedung-jakarta-barat.html</guid>

					<description><![CDATA[Jual &#38; Pasang Kaca Film gedung Jakarta Barat Kami kacafilm.co.id menjual berbagai jenis dan merk kaca film gedung Jakarta Barat dan jendela rumah, seperti kaca film riben, oneway, pengaman, sandblast sticker, cutting sticker, untuk menolak panas matahari.Kami menyediakan layanan jual dan pasang kaca film rumah dan sticker untuk area Jakarta, Bogor, Tangerang, Bekasi, serta seluruh &#8230;<p class="read-more"> <a class="" href="/kaca-film-gedung-jakarta-barat.html"> <span class="screen-reader-text">Pasang Kaca Film Gedung Jakarta Barat</span> Read More &#187;</a></p>]]></description>
		
		
		
			</item>
		<item>
		<title>Pasang Kaca Film Gedung Bogor</title>
		<link>/kaca-film-gedung-bogor.html</link>
		
		<dc:creator><![CDATA[]]></dc:creator>
		<pubDate>Thu, 08 Dec 2022 08:39:43 +0000</pubDate>
				<category><![CDATA[Uncategorized]]></category>
		<guid isPermaLink="false">/kaca-film-gedung-bogor.html</guid>

					<description><![CDATA[Jual &#38; Pasang Kaca Film gedung Bogor Kaca film yang kami jual dapat memenuhi kebutuhan primer Anda dalam menolak panas matahari.Kami menyediakan layanan jual dan pasang kaca film rumah dan sticker untuk area Jakarta, Bogor, Tangerang, Bekasi, serta seluruh wilayah di Indonesia.Kecanggihan tehnology membuat lapisan tersebut lebih berfungsi untuk mengisolasi panas matahari.Lapisan ini telah dirancang &#8230;<p class="read-more"> <a class="" href="/kaca-film-gedung-bogor.html"> <span class="screen-reader-text">Pasang Kaca Film Gedung Bogor</span> Read More &#187;</a></p>]]></description>
		
		
		
			</item>
		<item>
		<title>Pasang Kaca Film Gedung Jakarta Selatan</title>
		<link>/kaca-film-gedung-jakarta-selatan.html</link>
		
		<dc:creator><![CDATA[]]></dc:creator>
		<pubDate>Wed, 07 Dec 2022 16:59:26 +0000</pubDate>
				<category><![CDATA[Uncategorized]]></category>
		<guid isPermaLink="false">/kaca-film-gedung-jakarta-selatan.html</guid>

					<description><![CDATA[Jual &#38; Pasang Kaca Film gedung Jakarta Selatan Kaca film yang kami jual dapat memenuhi kebutuhan primer Anda dalam menolak panas matahari.Kami memberikan layanan jual dan pasang kaca film rumah dan sticker untuk area Jakarta, Bogor, Tangerang, Bekasi dan seluruh Indonesia, dengan lapisan tipis yang terbuat dari unsur-unsur yang berbeda dan dicetak menjadi lapisan tipis &#8230;<p class="read-more"> <a class="" href="/kaca-film-gedung-jakarta-selatan.html"> <span class="screen-reader-text">Pasang Kaca Film Gedung Jakarta Selatan</span> Read More &#187;</a></p>]]></description>
		
		
		
			</item>
		<item>
		<title>Pasang Kaca Film Gedung Depok</title>
		<link>/kaca-film-gedung-depok.html</link>
		
		<dc:creator><![CDATA[]]></dc:creator>
		<pubDate>Tue, 06 Dec 2022 05:53:34 +0000</pubDate>
				<category><![CDATA[Uncategorized]]></category>
		<guid isPermaLink="false">/kaca-film-gedung-depok.html</guid>

					<description><![CDATA[Jual &#38; Pasang Kaca Film gedung Depok Kami kacafilm.co.id menjual berbagai jenis dan merk kaca film gedung Depok dan jendela rumah, seperti kaca film riben, oneway, pengaman, sandblast sticker, cutting sticker, untuk menolak panas matahari.Kami menyediakan layanan jual dan pasang kaca film rumah dan sticker untuk area Jakarta, Bogor, Tangerang, Bekasi, serta seluruh wilayah di &#8230;<p class="read-more"> <a class="" href="/kaca-film-gedung-depok.html"> <span class="screen-reader-text">Pasang Kaca Film Gedung Depok</span> Read More &#187;</a></p>]]></description>
		
		
		
			</item>
		<item>
		<title>Pasang Kaca Film Gedung Tangerang Selatan</title>
		<link>/kaca-film-gedung-tangerang-selatan.html</link>
		
		<dc:creator><![CDATA[]]></dc:creator>
		<pubDate>Mon, 05 Dec 2022 06:11:31 +0000</pubDate>
				<category><![CDATA[Uncategorized]]></category>
		<guid isPermaLink="false">/kaca-film-gedung-tangerang-selatan.html</guid>

					<description><![CDATA[Jual &#38; Pasang Kaca Film gedung Tangerang Selatan Berbagai jenis dan merk kaca film gedung Tangerang Selatan dan jendela rumah yang kami jual, seperti riben, oneway, pengaman, sandblast sticker, dan cutting sticker, dapat memenuhi kebutuhan primer Anda dalam menolak panas matahari.Kami menyediakan layanan jual dan pasang kaca film rumah dan sticker untuk area Jakarta, Bogor, &#8230;<p class="read-more"> <a class="" href="/kaca-film-gedung-tangerang-selatan.html"> <span class="screen-reader-text">Pasang Kaca Film Gedung Tangerang Selatan</span> Read More &#187;</a></p>]]></description>
		
		
		
			</item>
		<item>
		<title>Pasang Kaca Film Gedung Bekasi</title>
		<link>/kaca-film-gedung-bekasi.html</link>
		
		<dc:creator><![CDATA[]]></dc:creator>
		<pubDate>Mon, 05 Dec 2022 01:15:03 +0000</pubDate>
				<category><![CDATA[Uncategorized]]></category>
		<guid isPermaLink="false">/kaca-film-gedung-bekasi.html</guid>

					<description><![CDATA[Jual &#38; Pasang Kaca Film gedung Bekasi Kaca film yang kami jual dapat memenuhi kebutuhan primer Anda dalam menolak panas matahari.Kaca film adalah lapisan plastik tipis yang terbuat dari bahan-bahan yang berbeda dan dicetak menjadi lapisan halus dan tipis.Lapisan yang diproduksi menggunakan tehnology canggih memiliki fungsi untuk mengisolasi panas matahari.Dengan teknologi ini, spektrum sinar matahari &#8230;<p class="read-more"> <a class="" href="/kaca-film-gedung-bekasi.html"> <span class="screen-reader-text">Pasang Kaca Film Gedung Bekasi</span> Read More &#187;</a></p>]]></description>
		
		
		
			</item>
		<item>
		<title>Pasang Kaca Film Gedung Jakarta Pusat</title>
		<link>/kaca-film-gedung-jakarta-pusat.html</link>
		
		<dc:creator><![CDATA[]]></dc:creator>
		<pubDate>Sun, 04 Dec 2022 21:14:11 +0000</pubDate>
				<category><![CDATA[Uncategorized]]></category>
		<guid isPermaLink="false">/kaca-film-gedung-jakarta-pusat.html</guid>

					<description><![CDATA[Jual &#38; Pasang Kaca Film gedung Jakarta Pusat Kaca film yang kami jual dapat memenuhi kebutuhan primer Anda dalam menolak panas matahari.Kaca film adalah lapisan plastik tipis yang terbuat dari bahan-bahan yang berbeda dan dicetak menjadi lapisan halus dan tipis.Kecanggihan tehnology membuat lapisan tersebut lebih berfungsi untuk mengisolasi panas matahari.Dengan teknologi ini, kita dapat mereduksi &#8230;<p class="read-more"> <a class="" href="/kaca-film-gedung-jakarta-pusat.html"> <span class="screen-reader-text">Pasang Kaca Film Gedung Jakarta Pusat</span> Read More &#187;</a></p>]]></description>
		
		
		
			</item>
		<item>
		<title>Pasang Kaca Film Gedung Tangerang</title>
		<link>/kaca-film-gedung-tangerang.html</link>
		
		<dc:creator><![CDATA[]]></dc:creator>
		<pubDate>Sat, 03 Dec 2022 05:03:34 +0000</pubDate>
				<category><![CDATA[Uncategorized]]></category>
		<guid isPermaLink="false">/kaca-film-gedung-tangerang.html</guid>

					<description><![CDATA[Jual &#38; Pasang Kaca Film gedung Tangerang Berbagai jenis dan merk kaca film gedung Tangerang dan jendela rumah yang kami jual, seperti riben, oneway, pengaman, sandblast sticker, dan cutting sticker, dapat memenuhi kebutuhan primer Anda dalam menolak panas matahari.Kami menyediakan layanan jual dan pasang kaca film rumah dan sticker untuk area Jakarta, Bogor, Tangerang, Bekasi, &#8230;<p class="read-more"> <a class="" href="/kaca-film-gedung-tangerang.html"> <span class="screen-reader-text">Pasang Kaca Film Gedung Tangerang</span> Read More &#187;</a></p>]]></description>
		
		
		
			</item>
		<item>
		<title>Pasang Kaca Film Gedung Jakarta Utara</title>
		<link>/kaca-film-gedung-jakarta-utara.html</link>
		
		<dc:creator><![CDATA[]]></dc:creator>
		<pubDate>Fri, 02 Dec 2022 09:51:12 +0000</pubDate>
				<category><![CDATA[Uncategorized]]></category>
		<guid isPermaLink="false">/kaca-film-gedung-jakarta-utara.html</guid>

					<description><![CDATA[Jual &#38; Pasang Kaca Film gedung Jakarta Utara Kami kacafilm.co.id menjual berbagai jenis dan merk kaca film gedung Jakarta Utara dan jendela rumah, seperti kaca film riben, oneway, pengaman, sandblast sticker, cutting sticker, untuk menolak panas matahari.Kami menyediakan layanan jual dan pasang kaca film rumah dan sticker untuk area Jakarta, Bogor, Tangerang, Bekasi, serta seluruh &#8230;<p class="read-more"> <a class="" href="/kaca-film-gedung-jakarta-utara.html"> <span class="screen-reader-text">Pasang Kaca Film Gedung Jakarta Utara</span> Read More &#187;</a></p>]]></description>
		
		
		
			</item>
	</channel>
</rss>
